﻿<SASReport version="1.0">
      <Data>
            <IQData type="2DEmbedded" name="TreeData">
                  <EmbeddedData>
                        <Variables>
                              <Variable name="Var1" varName="Var1" type="String" />
                              <Variable name="Var2" varName="Var2" type="String" />
                              <Variable name="Var3" varName="Var3" type="Numeric" />
                              <Variable name="Var4" varName="Var4" type="Numeric" />
                              <Variable name="Var5" varName="Var5" type="Numeric" />
                              <Variable name="Var6" varName="Var6" type="Numeric" />
                              <Variable name="Var7" varName="Var7" type="String"  />
                              <Variable name="Var8" varName="Var8" type="String" />
                              <Variable name="Var9" varName="Var9" type="Numeric" />
                        </Variables>
                        <ValuesList>
    <Values>
      <Value>Non-Missing Values</Value>
      <Value>bed_type_Futon</Value>
      <Value>10</Value>
      <Value>35.57</Value>
      <Value>1</Value>
      <Value>0</Value>
      <Value>          3:        35.6%
 Count:         7317</Value>
      <Value>Node Id:            1&#10;&#10;5:         0.5%&#10;4:         0.2%&#10;3:        35.6%&#10;8:        11.7%&#10;7:        22.6%&#10;9:        16.3%&#10;1:        12.9%&#10;6:
 0.1%&#10;2:         0.1%&#10; Count:         7317</Value>
      <Value>7317</Value>
    </Values>
    <Values>
      <Value>&lt; 0.5 Or Missing</Value>
      <Value>bed_type_Pull-out Sofa</Value>
      <Value>9.9863331967</Value>
      <Value>35.62</Value>
      <Value>2</Value>
      <Value>1</Value>
      <Value>          3:        35.6%
 Count:         7307</Value>
      <Value>Node Id:            2&#10;&#10;5:         0.5%&#10;4:         0.2%&#10;3:        35.6%&#10;8:        11.7%&#10;7:        22.6%&#10;9:        16.3%&#10;1:        12.9%&#10;6:
 0.0%&#10;2:         0.1%&#10; Count:         7307</Value>
      <Value>7307</Value>
    </Values>
    <Values>
      <Value>&gt;= 0.5</Value>
      <Value></Value>
      <Value>0.0136668033</Value>
      <Value>100</Value>
      <Value>3</Value>
      <Value>1</Value>
      <Value>          6:       100.0%
 Count:           10</Value>
      <Value>Node Id:            3&#10;&#10;5:         0.0%&#10;4:         0.0%&#10;3:         0.0%&#10;8:         0.0%&#10;7:         0.0%&#10;9:         0.0%&#10;1:         0.0%&#10;6:
 100.0%&#10;2:         0.0%&#10; Count:           10</Value>
      <Value>10</Value>
    </Values>
    <Values>
      <Value>&lt; 0.5 Or Missing</Value>
      <Value>require_guest_profile_picture_f</Value>
      <Value>9.975399754</Value>
      <Value>35.66</Value>
      <Value>4</Value>
      <Value>2</Value>
      <Value>          3:        35.7%
 Count:         7299</Value>
      <Value>Node Id:            4&#10;&#10;5:         0.5%&#10;4:         0.2%&#10;3:        35.7%&#10;8:        11.8%&#10;7:        22.7%&#10;9:        16.4%&#10;1:        12.9%&#10;6:
 0.0%&#10;2:         0.0%&#10; Count:         7299</Value>
      <Value>7299</Value>
    </Values>
    <Values>
      <Value>&gt;= 0.5</Value>
      <Value></Value>
      <Value>0.0109334427</Value>
      <Value>100</Value>
      <Value>5</Value>
      <Value>2</Value>
      <Value>          2:       100.0%
 Count:            8</Value>
      <Value>Node Id:            5&#10;&#10;5:         0.0%&#10;4:         0.0%&#10;3:         0.0%&#10;8:         0.0%&#10;7:         0.0%&#10;9:         0.0%&#10;1:         0.0%&#10;6:
 0.0%&#10;2:       100.0%&#10; Count:            8</Value>
      <Value>8</Value>
    </Values>
    <Values>
      <Value>&lt; 0.5</Value>
      <Value></Value>
      <Value>0.0464671313</Value>
      <Value>100</Value>
      <Value>6</Value>
      <Value>4</Value>
      <Value>          5:       100.0%
 Count:           34</Value>
      <Value>Node Id:            6&#10;&#10;5:       100.0%&#10;4:         0.0%&#10;3:         0.0%&#10;8:         0.0%&#10;7:         0.0%&#10;9:         0.0%&#10;1:         0.0%&#10;6:
 0.0%&#10;2:         0.0%&#10; Count:           34</Value>
      <Value>34</Value>
    </Values>
    <Values>
      <Value>&gt;= 0.5 Or Missing</Value>
      <Value>est_phone_verification_f</Value>
      <Value>9.9289326227</Value>
      <Value>35.83</Value>
      <Value>7</Value>
      <Value>4</Value>
      <Value>          3:        35.8%
 Count:         7265</Value>
      <Value>Node Id:            7&#10;&#10;5:         0.0%&#10;4:         0.2%&#10;3:        35.8%&#10;8:        11.8%&#10;7:        22.8%&#10;9:        16.4%&#10;1:        13.0%&#10;6:
 0.0%&#10;2:         0.0%&#10; Count:         7265</Value>
      <Value>7265</Value>
    </Values>
    <Values>
      <Value>&lt; 0.5</Value>
      <Value></Value>
      <Value>0.0191335247</Value>
      <Value>100</Value>
      <Value>8</Value>
      <Value>7</Value>
      <Value>          4:       100.0%
 Count:           14</Value>
      <Value>Node Id:            8&#10;&#10;5:         0.0%&#10;4:       100.0%&#10;3:         0.0%&#10;8:         0.0%&#10;7:         0.0%&#10;9:         0.0%&#10;1:         0.0%&#10;6:
 0.0%&#10;2:         0.0%&#10; Count:           14</Value>
      <Value>14</Value>
    </Values>
    <Values>
      <Value>&gt;= 0.5 Or Missing</Value>
      <Value>host_is_superhost_t</Value>
      <Value>9.909799098</Value>
      <Value>35.9</Value>
      <Value>9</Value>
      <Value>7</Value>
      <Value>          3:        35.9%
 Count:         7251</Value>
      <Value>Node Id:            9&#10;&#10;5:         0.0%&#10;4:         0.0%&#10;3:        35.9%&#10;8:        11.8%&#10;7:        22.8%&#10;9:        16.5%&#10;1:        13.0%&#10;6:
 0.0%&#10;2:         0.0%&#10; Count:         7251</Value>
      <Value>7251</Value>
    </Values>
    <Values>
      <Value>&lt; 0.5 Or Missing</Value>
      <Value>accommodates</Value>
      <Value>8.3394833948</Value>
      <Value>42.61</Value>
      <Value>10</Value>
      <Value>9</Value>
      <Value>          3:        42.6%
 Count:         6102</Value>
      <Value>Node Id:           10&#10;&#10;5:         0.0%&#10;4:         0.0%&#10;3:        42.6%&#10;8:         1.5%&#10;7:        21.7%&#10;9:        18.8%&#10;1:        15.4%&#10;6:
 0.0%&#10;2:         0.0%&#10; Count:         6102</Value>
      <Value>6102</Value>
    </Values>
    <Values>
      <Value>&gt;= 0.5</Value>
      <Value>calculated_host_listings_count</Value>
      <Value>1.5703157032</Value>
      <Value>66.67</Value>
      <Value>11</Value>
      <Value>9</Value>
      <Value>          8:        66.7%
 Count:         1149</Value>
      <Value>Node Id:           11&#10;&#10;5:         0.0%&#10;4:         0.0%&#10;3:         0.3%&#10;8:        66.7%&#10;7:        28.8%&#10;9:         4.0%&#10;1:         0.3%&#10;6:
 0.0%&#10;2:         0.0%&#10; Count:         1149</Value>
      <Value>1149</Value>
    </Values>
    <Values>
      <Value>&lt; 4.5 Or Missing</Value>
      <Value></Value>
      <Value>6.4452644526</Value>
      <Value>53.01</Value>
      <Value>12</Value>
      <Value>10</Value>
      <Value>          3:        53.0%
 Count:         4716</Value>
      <Value>Node Id:           12&#10;&#10;5:         0.0%&#10;4:         0.0%&#10;3:        53.0%&#10;8:         1.7%&#10;7:        26.8%&#10;9:         3.9%&#10;1:        14.6%&#10;6:
 0.0%&#10;2:         0.0%&#10; Count:         4716</Value>
      <Value>4716</Value>
    </Values>
    <Values>
      <Value>&gt;= 4.5</Value>
      <Value></Value>
      <Value>1.8942189422</Value>
      <Value>69.41</Value>
      <Value>13</Value>
      <Value>10</Value>
      <Value>          9:        69.4%
 Count:         1386</Value>
      <Value>Node Id:           13&#10;&#10;5:         0.0%&#10;4:         0.0%&#10;3:         7.2%&#10;8:         0.9%&#10;7:         4.3%&#10;9:        69.4%&#10;1:        18.2%&#10;6:
 0.0%&#10;2:         0.0%&#10; Count:         1386</Value>
      <Value>1386</Value>
    </Values>
    <Values>
      <Value>&lt; 183.5 Or Missing</Value>
      <Value></Value>
      <Value>1.1124777914</Value>
      <Value>94.1</Value>
      <Value>14</Value>
      <Value>11</Value>
      <Value>          8:        94.1%
 Count:          814</Value>
      <Value>Node Id:           14&#10;&#10;5:         0.0%&#10;4:         0.0%&#10;3:         0.4%&#10;8:        94.1%&#10;7:         0.0%&#10;9:         5.4%&#10;1:         0.1%&#10;6:
 0.0%&#10;2:         0.0%&#10; Count:          814</Value>
      <Value>814</Value>
    </Values>
    <Values>
      <Value>&gt;= 183.5</Value>
      <Value></Value>
      <Value>0.4578379117</Value>
      <Value>98.81</Value>
      <Value>15</Value>
      <Value>11</Value>
      <Value>          7:        98.8%
 Count:          335</Value>
      <Value>Node Id:           15&#10;&#10;5:         0.0%&#10;4:         0.0%&#10;3:         0.0%&#10;8:         0.0%&#10;7:        98.8%&#10;9:         0.6%&#10;1:         0.6%&#10;6:
 0.0%&#10;2:         0.0%&#10; Count:          335</Value>
      <Value>335</Value>
    </Values>
                        </ValuesList>
                  </EmbeddedData>
            </IQData>
      </Data>

      <View>
            <Section>
                  <Body>
                        <Graph name="DecisionTree" >
                              <ChartDataList>
                                    <ChartData name="DTreeData" data="TreeData" >
                                          <Roles>
                                                <Role type="AboveText"   variable="Var1" > </Role>
                                                <Role type="BelowText"   variable="Var2" > </Role>
                                                <Role type="LinkWidth"   variable="Var3" > </Role>
                                                <Role type="NodeColor"   variable="Var4" > </Role>
                                                <Role type="ID"      variable="Var5" > </Role>
                                                <Role type="Parent"    variable="Var6" > </Role>
                                                <Role type="NodeText"    variable="Var7" > </Role>
                                                <Role type="ToolTipText" variable="Var8" > </Role>
                                                <Role type="NodeSize"    variable="Var9" > </Role>
                                          </Roles>
                                    </ChartData>
                              </ChartDataList>
                              <ColorMappers>
                                    <ColorRamp  name="NodeColorRamp"
                                                      underFlowColor="Red"
                                                      overflowColor="Green"
                                                      low="0"
                                                      high="1000"
                                                      beginColor="CX0000FF"
                                                      endColor="CXFFFFFF" >
                                    </ColorRamp>
                                    <ColorRamp  name="LinkColorRamp"
                                                      low="1"
                                                      high="10"
                                                      beginColor="CX000000"
                                                      endColor="CX000000" >
                                    </ColorRamp>
                              </ColorMappers>
                              <ChartAreas>
                                    <ChartArea>
                                          <Charts>
                                          <DecisionTree name="DTree"
                                                  chartData="DTreeData"
                                                  selectionColor="CX00FF00"
                                                  orientation="Vertical"
                                                  emptyNodes="False"
                                                  legendVisible="False"
                                                  titleAnchor="Root"
                                                  footnoteAnchor="Chart"
                                                  displayDepth="4" >

                                    <SplitVarList>
                                          <SplitVar name="SPLIT VAR A" type="DISCRETE" missingBranch="3" values="1,A:1,B:2,C:3,D"/>
                                          <SplitVar name="SPLIT VAR B" type="CONTINUOUS" breaks="10:50:100" />
                                    </SplitVarList>

                                    <IciclePlot isVisible="True"></IciclePlot>

                                    <NodeStyle colorMapper="NodeColorRamp"
                                                   outlineColor="Black"
                                                   outlineWidth="1">
                                          <NodeText textColor="Black"
                                                        textFont="SansSerif"
                                                        textSize="12 pt"
                                                        textFlags="Bold" />
                                    </NodeStyle>
                                    <FlaggedNodeStyle color="CXFF8844"
                                                              outlineColor="Black"
                                                              outlineWidth="3" >
                                          <FlaggedNodeText textColor="Black"
                                                        textFont="SansSerif"
                                                        textSize="12 pt"
                                                        textFlags="Italic" />
                                    </FlaggedNodeStyle>
                                    <LinkStyle textVisible="True"
                                                   colorMapper="LinkColorRamp"
                                                   linkStyle="Manhattan"
                                                   staticWidth="3" >
                                          <LinkText textColor="Black"
                                                        textFont="SansSerif"
                                                        textSize="10 pt"
                                                        textFlags="Bold" />
                                    </LinkStyle>
                                    <GraphStyle numBars="3"
                                                      numStacks="3"
                                                      axisMin="0"
                                                      axisMax="20"
                                                      orientation="Vertical"
                                                      visible="True" >
                                    </GraphStyle>
                              </DecisionTree>
                              </Charts>
                        </ChartArea>
                  </ChartAreas>
            </Graph>
      </Body>
      </Section>
      </View>

  </SASReport>

